name,brand,sku,category,description,unit,packSizeLabel,minOrderQuantity,stockQuantity,stock,shelfLifeDays,storageType,status,isFeatured,isBestseller,ratingAverage,ratingCount,purchaseCount,displayOrder,badges,primaryImage,images,variety1_name,variety1_originalPrice,variety1_discountedPrice,variety1_isAvailable,variety2_name,variety2_originalPrice,variety2_discountedPrice,variety2_isAvailable,variety3_name,variety3_originalPrice,variety3_discountedPrice,variety3_isAvailable
Mozzarella Cheese Block 1,Amul,DAIRY-001,DAIRY,"Amul mozzarella cheese block for restaurant kitchens, suitable for bulk prep and back-of-house operations.",kg,1 kg pack,2,52,Ready stock,120,chilled,available,false,false,4.1,11,45,1,"Bulk value,Kitchen essential",https://commons.wikimedia.org/wiki/Special:Redirect/file/Mozzarella%20cheese.jpg,https://commons.wikimedia.org/wiki/Special:Redirect/file/Mozzarella%20cheese.jpg|https://commons.wikimedia.org/wiki/Special:Redirect/file/Mozzarella%20cheese%20%281%29.jpg|https://commons.wikimedia.org/wiki/Special:Redirect/file/Mozzarella.JPG,1 kg pack,123,113,true,5 kg pack,492,467,true,,,,
Pizza Pasta Sauce 2,Veeba,SAUCES-002,SAUCES,"Veeba pizza pasta sauce for restaurant kitchens, suitable for bulk prep and back-of-house operations.",jars,1 jar,3,54,Ready stock,270,ambient,available,false,false,4.2,12,50,2,"Restaurant staple,High repeat",https://commons.wikimedia.org/wiki/Special:Redirect/file/Pasta%20sauce%20%282997489359%29.jpg,https://commons.wikimedia.org/wiki/Special:Redirect/file/Pasta%20sauce%20%282997489359%29.jpg|https://commons.wikimedia.org/wiki/Special:Redirect/file/Pasta%20sauce%20ingredients.jpg|https://commons.wikimedia.org/wiki/Special:Redirect/file/Spaghetti%20and%20Sauce.jpg,1 jar,126,116,true,6 jar case,504,479,true,,,,
Garlic Spread 3,Cremica,SPREAD-003,SPREADS,"Cremica garlic spread for restaurant kitchens, suitable for bulk prep and back-of-house operations.",jars,1 jar,4,56,Dispatch in 24 hrs,120,chilled,available,false,false,4.3,13,55,3,"Bulk value,Kitchen essential",https://commons.wikimedia.org/wiki/Special:Redirect/file/Garlic%20sauce.jpg,https://commons.wikimedia.org/wiki/Special:Redirect/file/Garlic%20sauce.jpg|https://commons.wikimedia.org/wiki/Special:Redirect/file/Ginger%20Garlic%20Paste.jpg|https://commons.wikimedia.org/wiki/Special:Redirect/file/Roasted%20Garlic%20Paste.jpg,1 jar,129,119,true,6 jar case,516,491,true,,,,
Refined Cooking Oil 4,Fortune,OILS-004,OILS,"Fortune refined cooking oil for restaurant kitchens, suitable for bulk prep and back-of-house operations.",cans,1 can,5,58,Ready stock,270,ambient,available,false,false,4.4,14,60,4,"Restaurant staple,High repeat",https://commons.wikimedia.org/wiki/Special:Redirect/file/Cooking%20oil.jpg,https://commons.wikimedia.org/wiki/Special:Redirect/file/Cooking%20oil.jpg|https://commons.wikimedia.org/wiki/Special:Redirect/file/Peanut%20oil%20bottle.jpg|https://commons.wikimedia.org/wiki/Special:Redirect/file/Corn%20oil.jpg,1 can,132,122,true,12 can case,528,503,true,,,,
Corn Flour 5,Weikfield,DRYGOO-005,DRY GOODS,"Weikfield corn flour for restaurant kitchens, suitable for bulk prep and back-of-house operations.",packs,1 pack,1,60,Ready stock,270,dry,available,false,false,4.5,15,65,5,"Bulk value,Kitchen essential",https://commons.wikimedia.org/wiki/Special:Redirect/file/Corn%20Flour.jpg,https://commons.wikimedia.org/wiki/Special:Redirect/file/Corn%20Flour.jpg|https://commons.wikimedia.org/wiki/Special:Redirect/file/Corn%20flour.jpg|https://commons.wikimedia.org/wiki/Special:Redirect/file/Corn%20flour%20%2820240709%29.jpg,1 pack,135,125,true,10 pack carton,540,515,true,,,,
Dry Yeast 6,Angel,BAKERY-006,BAKERY INGREDIENTS,"Angel dry yeast for restaurant kitchens, suitable for bulk prep and back-of-house operations.",packs,1 pack,2,62,Dispatch in 24 hrs,270,dry,available,false,false,4.6,16,70,6,"Restaurant staple,High repeat",https://commons.wikimedia.org/wiki/Special:Redirect/file/Dry%20yeast.jpg,https://commons.wikimedia.org/wiki/Special:Redirect/file/Dry%20yeast.jpg|https://commons.wikimedia.org/wiki/Special:Redirect/file/Dry%20Yeast%20%2850995087326%29.jpg|https://commons.wikimedia.org/wiki/Special:Redirect/file/%D0%94%D1%80%D0%BE%D0%B6%D0%B6%D0%B8%20%D1%81%D1%83%D1%85%D0%B8%D0%B5%20%D0%B0%D0%BA%D1%82%D0%B8%D0%B2%D0%BD%D1%8B%D0%B5%20-%20Active%20dry%20yeast.JPG,1 pack,138,128,true,10 pack carton,552,527,true,,,,
French Fries 7,McCain,FROZEN-007,FROZEN ITEMS,"McCain french fries for restaurant kitchens, suitable for bulk prep and back-of-house operations.",packs,1 pack,3,64,Ready stock,365,frozen,available,false,true,4.7,17,75,7,"Bulk value,Kitchen essential",https://commons.wikimedia.org/wiki/Special:Redirect/file/French%20Fries.jpg,https://commons.wikimedia.org/wiki/Special:Redirect/file/French%20Fries.jpg|https://commons.wikimedia.org/wiki/Special:Redirect/file/Fresh%20french%20fries.jpg|https://commons.wikimedia.org/wiki/Special:Redirect/file/BK-French-Fries.jpg,1 pack,141,131,true,10 pack carton,564,539,true,,,,
Sweet Corn Kernel 8,Del Monte,CANNED-008,CANNED GOODS,"Del Monte sweet corn kernel for restaurant kitchens, suitable for bulk prep and back-of-house operations.",cans,1 can,4,66,Ready stock,270,ambient,available,false,false,4.8,18,80,8,"Restaurant staple,High repeat",https://commons.wikimedia.org/wiki/Special:Redirect/file/Fresh%20Sweet%20Corn.jpg,https://commons.wikimedia.org/wiki/Special:Redirect/file/Fresh%20Sweet%20Corn.jpg|https://commons.wikimedia.org/wiki/Special:Redirect/file/Raw%20Sweet%20Corn.jpg|https://commons.wikimedia.org/wiki/Special:Redirect/file/Sweet%20corn.jpg,1 can,144,134,true,12 can case,576,551,true,,,,
Cold Coffee Premix 9,Continental,BEVERA-009,BEVERAGE BASES,"Continental cold coffee premix for restaurant kitchens, suitable for bulk prep and back-of-house operations.",packs,1 pack,5,68,Dispatch in 24 hrs,270,dry,available,false,false,4.9,19,85,9,"Bulk value,Kitchen essential",https://commons.wikimedia.org/wiki/Special:Redirect/file/Cold%20coffee%20%2882723%29.jpg,https://commons.wikimedia.org/wiki/Special:Redirect/file/Cold%20coffee%20%2882723%29.jpg|https://commons.wikimedia.org/wiki/Special:Redirect/file/Iced%20coffee.jpg|https://commons.wikimedia.org/wiki/Special:Redirect/file/Iced%20Coffee%20%289606187442%29.jpg,1 pack,147,137,true,10 pack carton,588,563,true,,,,
Food Safe Sanitizer 10,Diversey,CLEANI-010,CLEANING SUPPLIES,"Diversey food safe sanitizer for restaurant kitchens, suitable for bulk prep and back-of-house operations.",bottles,1 bottle,1,70,Ready stock,270,ambient,available,false,false,4.0,20,90,10,"Restaurant staple,High repeat",https://commons.wikimedia.org/wiki/Special:Redirect/file/Hand%20sanitizer%20bottle.jpg,https://commons.wikimedia.org/wiki/Special:Redirect/file/Hand%20sanitizer%20bottle.jpg|https://commons.wikimedia.org/wiki/Special:Redirect/file/Hand%20Sanitizer%20%284157728004%29.jpg|https://commons.wikimedia.org/wiki/Special:Redirect/file/Instant%20Hand%20Sanitizer.png,1 bottle,150,140,true,6 bottle case,600,575,true,,,,
Mozzarella Cheese Block 11,Amul,DAIRY-011,DAIRY,"Amul mozzarella cheese block for restaurant kitchens, suitable for bulk prep and back-of-house operations.",kg,1 kg pack,2,72,Ready stock,120,chilled,available,true,false,4.1,21,95,11,"Bulk value,Kitchen essential",https://commons.wikimedia.org/wiki/Special:Redirect/file/Mozzarella%20cheese.jpg,https://commons.wikimedia.org/wiki/Special:Redirect/file/Mozzarella%20cheese.jpg|https://commons.wikimedia.org/wiki/Special:Redirect/file/Mozzarella%20cheese%20%281%29.jpg|https://commons.wikimedia.org/wiki/Special:Redirect/file/Mozzarella.JPG,1 kg pack,153,143,true,5 kg pack,612,587,true,,,,
Pizza Pasta Sauce 12,Veeba,SAUCES-012,SAUCES,"Veeba pizza pasta sauce for restaurant kitchens, suitable for bulk prep and back-of-house operations.",jars,1 jar,3,74,Dispatch in 24 hrs,270,ambient,available,false,false,4.2,22,100,12,"Restaurant staple,High repeat",https://commons.wikimedia.org/wiki/Special:Redirect/file/Pasta%20sauce%20%282997489359%29.jpg,https://commons.wikimedia.org/wiki/Special:Redirect/file/Pasta%20sauce%20%282997489359%29.jpg|https://commons.wikimedia.org/wiki/Special:Redirect/file/Pasta%20sauce%20ingredients.jpg|https://commons.wikimedia.org/wiki/Special:Redirect/file/Spaghetti%20and%20Sauce.jpg,1 jar,156,146,true,6 jar case,624,599,true,,,,
Garlic Spread 13,Cremica,SPREAD-013,SPREADS,"Cremica garlic spread for restaurant kitchens, suitable for bulk prep and back-of-house operations.",jars,1 jar,4,76,Ready stock,120,chilled,available,false,false,4.3,23,105,13,"Bulk value,Kitchen essential",https://commons.wikimedia.org/wiki/Special:Redirect/file/Garlic%20sauce.jpg,https://commons.wikimedia.org/wiki/Special:Redirect/file/Garlic%20sauce.jpg|https://commons.wikimedia.org/wiki/Special:Redirect/file/Ginger%20Garlic%20Paste.jpg|https://commons.wikimedia.org/wiki/Special:Redirect/file/Roasted%20Garlic%20Paste.jpg,1 jar,159,149,true,6 jar case,636,611,true,,,,
Refined Cooking Oil 14,Fortune,OILS-014,OILS,"Fortune refined cooking oil for restaurant kitchens, suitable for bulk prep and back-of-house operations.",cans,1 can,5,78,Ready stock,270,ambient,available,false,true,4.4,24,110,14,"Restaurant staple,High repeat",https://commons.wikimedia.org/wiki/Special:Redirect/file/Cooking%20oil.jpg,https://commons.wikimedia.org/wiki/Special:Redirect/file/Cooking%20oil.jpg|https://commons.wikimedia.org/wiki/Special:Redirect/file/Peanut%20oil%20bottle.jpg|https://commons.wikimedia.org/wiki/Special:Redirect/file/Corn%20oil.jpg,1 can,162,152,true,12 can case,648,623,true,,,,
Corn Flour 15,Weikfield,DRYGOO-015,DRY GOODS,"Weikfield corn flour for restaurant kitchens, suitable for bulk prep and back-of-house operations.",packs,1 pack,1,80,Dispatch in 24 hrs,270,dry,available,false,false,4.5,25,115,15,"Bulk value,Kitchen essential",https://commons.wikimedia.org/wiki/Special:Redirect/file/Corn%20Flour.jpg,https://commons.wikimedia.org/wiki/Special:Redirect/file/Corn%20Flour.jpg|https://commons.wikimedia.org/wiki/Special:Redirect/file/Corn%20flour.jpg|https://commons.wikimedia.org/wiki/Special:Redirect/file/Corn%20flour%20%2820240709%29.jpg,1 pack,165,155,true,10 pack carton,660,635,true,,,,
Dry Yeast 16,Angel,BAKERY-016,BAKERY INGREDIENTS,"Angel dry yeast for restaurant kitchens, suitable for bulk prep and back-of-house operations.",packs,1 pack,2,82,Ready stock,270,dry,available,false,false,4.6,26,120,16,"Restaurant staple,High repeat",https://commons.wikimedia.org/wiki/Special:Redirect/file/Dry%20yeast.jpg,https://commons.wikimedia.org/wiki/Special:Redirect/file/Dry%20yeast.jpg|https://commons.wikimedia.org/wiki/Special:Redirect/file/Dry%20Yeast%20%2850995087326%29.jpg|https://commons.wikimedia.org/wiki/Special:Redirect/file/%D0%94%D1%80%D0%BE%D0%B6%D0%B6%D0%B8%20%D1%81%D1%83%D1%85%D0%B8%D0%B5%20%D0%B0%D0%BA%D1%82%D0%B8%D0%B2%D0%BD%D1%8B%D0%B5%20-%20Active%20dry%20yeast.JPG,1 pack,168,158,true,10 pack carton,672,647,true,,,,
French Fries 17,McCain,FROZEN-017,FROZEN ITEMS,"McCain french fries for restaurant kitchens, suitable for bulk prep and back-of-house operations.",packs,1 pack,3,84,Ready stock,365,frozen,available,false,false,4.7,27,125,17,"Bulk value,Kitchen essential",https://commons.wikimedia.org/wiki/Special:Redirect/file/French%20Fries.jpg,https://commons.wikimedia.org/wiki/Special:Redirect/file/French%20Fries.jpg|https://commons.wikimedia.org/wiki/Special:Redirect/file/Fresh%20french%20fries.jpg|https://commons.wikimedia.org/wiki/Special:Redirect/file/BK-French-Fries.jpg,1 pack,171,161,true,10 pack carton,684,659,true,,,,
Sweet Corn Kernel 18,Del Monte,CANNED-018,CANNED GOODS,"Del Monte sweet corn kernel for restaurant kitchens, suitable for bulk prep and back-of-house operations.",cans,1 can,4,86,Dispatch in 24 hrs,270,ambient,available,false,false,4.8,28,130,18,"Restaurant staple,High repeat",https://commons.wikimedia.org/wiki/Special:Redirect/file/Fresh%20Sweet%20Corn.jpg,https://commons.wikimedia.org/wiki/Special:Redirect/file/Fresh%20Sweet%20Corn.jpg|https://commons.wikimedia.org/wiki/Special:Redirect/file/Raw%20Sweet%20Corn.jpg|https://commons.wikimedia.org/wiki/Special:Redirect/file/Sweet%20corn.jpg,1 can,174,164,true,12 can case,696,671,true,,,,
Cold Coffee Premix 19,Continental,BEVERA-019,BEVERAGE BASES,"Continental cold coffee premix for restaurant kitchens, suitable for bulk prep and back-of-house operations.",packs,1 pack,5,88,Ready stock,270,dry,available,false,false,4.9,29,135,19,"Bulk value,Kitchen essential",https://commons.wikimedia.org/wiki/Special:Redirect/file/Cold%20coffee%20%2882723%29.jpg,https://commons.wikimedia.org/wiki/Special:Redirect/file/Cold%20coffee%20%2882723%29.jpg|https://commons.wikimedia.org/wiki/Special:Redirect/file/Iced%20coffee.jpg|https://commons.wikimedia.org/wiki/Special:Redirect/file/Iced%20Coffee%20%289606187442%29.jpg,1 pack,177,167,true,10 pack carton,708,683,true,,,,
Food Safe Sanitizer 20,Diversey,CLEANI-020,CLEANING SUPPLIES,"Diversey food safe sanitizer for restaurant kitchens, suitable for bulk prep and back-of-house operations.",bottles,1 bottle,1,90,Ready stock,270,ambient,available,false,false,4.0,30,140,20,"Restaurant staple,High repeat",https://commons.wikimedia.org/wiki/Special:Redirect/file/Hand%20sanitizer%20bottle.jpg,https://commons.wikimedia.org/wiki/Special:Redirect/file/Hand%20sanitizer%20bottle.jpg|https://commons.wikimedia.org/wiki/Special:Redirect/file/Hand%20Sanitizer%20%284157728004%29.jpg|https://commons.wikimedia.org/wiki/Special:Redirect/file/Instant%20Hand%20Sanitizer.png,1 bottle,180,170,true,6 bottle case,720,695,true,,,,
Mozzarella Cheese Block 21,Amul,DAIRY-021,DAIRY,"Amul mozzarella cheese block for restaurant kitchens, suitable for bulk prep and back-of-house operations.",kg,1 kg pack,2,92,Dispatch in 24 hrs,120,chilled,available,false,true,4.1,31,145,21,"Bulk value,Kitchen essential",https://commons.wikimedia.org/wiki/Special:Redirect/file/Mozzarella%20cheese.jpg,https://commons.wikimedia.org/wiki/Special:Redirect/file/Mozzarella%20cheese.jpg|https://commons.wikimedia.org/wiki/Special:Redirect/file/Mozzarella%20cheese%20%281%29.jpg|https://commons.wikimedia.org/wiki/Special:Redirect/file/Mozzarella.JPG,1 kg pack,183,173,true,5 kg pack,732,707,true,,,,
Pizza Pasta Sauce 22,Veeba,SAUCES-022,SAUCES,"Veeba pizza pasta sauce for restaurant kitchens, suitable for bulk prep and back-of-house operations.",jars,1 jar,3,94,Ready stock,270,ambient,available,true,false,4.2,32,150,22,"Restaurant staple,High repeat",https://commons.wikimedia.org/wiki/Special:Redirect/file/Pasta%20sauce%20%282997489359%29.jpg,https://commons.wikimedia.org/wiki/Special:Redirect/file/Pasta%20sauce%20%282997489359%29.jpg|https://commons.wikimedia.org/wiki/Special:Redirect/file/Pasta%20sauce%20ingredients.jpg|https://commons.wikimedia.org/wiki/Special:Redirect/file/Spaghetti%20and%20Sauce.jpg,1 jar,186,176,true,6 jar case,744,719,true,,,,
Garlic Spread 23,Cremica,SPREAD-023,SPREADS,"Cremica garlic spread for restaurant kitchens, suitable for bulk prep and back-of-house operations.",jars,1 jar,4,96,Ready stock,120,chilled,available,false,false,4.3,33,155,23,"Bulk value,Kitchen essential",https://commons.wikimedia.org/wiki/Special:Redirect/file/Garlic%20sauce.jpg,https://commons.wikimedia.org/wiki/Special:Redirect/file/Garlic%20sauce.jpg|https://commons.wikimedia.org/wiki/Special:Redirect/file/Ginger%20Garlic%20Paste.jpg|https://commons.wikimedia.org/wiki/Special:Redirect/file/Roasted%20Garlic%20Paste.jpg,1 jar,189,179,true,6 jar case,756,731,true,,,,
Refined Cooking Oil 24,Fortune,OILS-024,OILS,"Fortune refined cooking oil for restaurant kitchens, suitable for bulk prep and back-of-house operations.",cans,1 can,5,98,Dispatch in 24 hrs,270,ambient,available,false,false,4.4,34,160,24,"Restaurant staple,High repeat",https://commons.wikimedia.org/wiki/Special:Redirect/file/Cooking%20oil.jpg,https://commons.wikimedia.org/wiki/Special:Redirect/file/Cooking%20oil.jpg|https://commons.wikimedia.org/wiki/Special:Redirect/file/Peanut%20oil%20bottle.jpg|https://commons.wikimedia.org/wiki/Special:Redirect/file/Corn%20oil.jpg,1 can,192,182,true,12 can case,768,743,true,,,,
Corn Flour 25,Weikfield,DRYGOO-025,DRY GOODS,"Weikfield corn flour for restaurant kitchens, suitable for bulk prep and back-of-house operations.",packs,1 pack,1,100,Ready stock,270,dry,available,false,false,4.5,35,165,25,"Bulk value,Kitchen essential",https://commons.wikimedia.org/wiki/Special:Redirect/file/Corn%20Flour.jpg,https://commons.wikimedia.org/wiki/Special:Redirect/file/Corn%20Flour.jpg|https://commons.wikimedia.org/wiki/Special:Redirect/file/Corn%20flour.jpg|https://commons.wikimedia.org/wiki/Special:Redirect/file/Corn%20flour%20%2820240709%29.jpg,1 pack,195,185,true,10 pack carton,780,755,true,,,,
Dry Yeast 26,Angel,BAKERY-026,BAKERY INGREDIENTS,"Angel dry yeast for restaurant kitchens, suitable for bulk prep and back-of-house operations.",packs,1 pack,2,102,Ready stock,270,dry,available,false,false,4.6,36,170,26,"Restaurant staple,High repeat",https://commons.wikimedia.org/wiki/Special:Redirect/file/Dry%20yeast.jpg,https://commons.wikimedia.org/wiki/Special:Redirect/file/Dry%20yeast.jpg|https://commons.wikimedia.org/wiki/Special:Redirect/file/Dry%20Yeast%20%2850995087326%29.jpg|https://commons.wikimedia.org/wiki/Special:Redirect/file/%D0%94%D1%80%D0%BE%D0%B6%D0%B6%D0%B8%20%D1%81%D1%83%D1%85%D0%B8%D0%B5%20%D0%B0%D0%BA%D1%82%D0%B8%D0%B2%D0%BD%D1%8B%D0%B5%20-%20Active%20dry%20yeast.JPG,1 pack,198,188,true,10 pack carton,792,767,true,,,,
French Fries 27,McCain,FROZEN-027,FROZEN ITEMS,"McCain french fries for restaurant kitchens, suitable for bulk prep and back-of-house operations.",packs,1 pack,3,104,Dispatch in 24 hrs,365,frozen,available,false,false,4.7,37,175,27,"Bulk value,Kitchen essential",https://commons.wikimedia.org/wiki/Special:Redirect/file/French%20Fries.jpg,https://commons.wikimedia.org/wiki/Special:Redirect/file/French%20Fries.jpg|https://commons.wikimedia.org/wiki/Special:Redirect/file/Fresh%20french%20fries.jpg|https://commons.wikimedia.org/wiki/Special:Redirect/file/BK-French-Fries.jpg,1 pack,201,191,true,10 pack carton,804,779,true,,,,
Sweet Corn Kernel 28,Del Monte,CANNED-028,CANNED GOODS,"Del Monte sweet corn kernel for restaurant kitchens, suitable for bulk prep and back-of-house operations.",cans,1 can,4,106,Ready stock,270,ambient,available,false,true,4.8,38,180,28,"Restaurant staple,High repeat",https://commons.wikimedia.org/wiki/Special:Redirect/file/Fresh%20Sweet%20Corn.jpg,https://commons.wikimedia.org/wiki/Special:Redirect/file/Fresh%20Sweet%20Corn.jpg|https://commons.wikimedia.org/wiki/Special:Redirect/file/Raw%20Sweet%20Corn.jpg|https://commons.wikimedia.org/wiki/Special:Redirect/file/Sweet%20corn.jpg,1 can,204,194,true,12 can case,816,791,true,,,,
Cold Coffee Premix 29,Continental,BEVERA-029,BEVERAGE BASES,"Continental cold coffee premix for restaurant kitchens, suitable for bulk prep and back-of-house operations.",packs,1 pack,5,108,Ready stock,270,dry,available,false,false,4.9,39,185,29,"Bulk value,Kitchen essential",https://commons.wikimedia.org/wiki/Special:Redirect/file/Cold%20coffee%20%2882723%29.jpg,https://commons.wikimedia.org/wiki/Special:Redirect/file/Cold%20coffee%20%2882723%29.jpg|https://commons.wikimedia.org/wiki/Special:Redirect/file/Iced%20coffee.jpg|https://commons.wikimedia.org/wiki/Special:Redirect/file/Iced%20Coffee%20%289606187442%29.jpg,1 pack,207,197,true,10 pack carton,828,803,true,,,,
Food Safe Sanitizer 30,Diversey,CLEANI-030,CLEANING SUPPLIES,"Diversey food safe sanitizer for restaurant kitchens, suitable for bulk prep and back-of-house operations.",bottles,1 bottle,1,110,Dispatch in 24 hrs,270,ambient,available,false,false,4.0,40,190,30,"Restaurant staple,High repeat",https://commons.wikimedia.org/wiki/Special:Redirect/file/Hand%20sanitizer%20bottle.jpg,https://commons.wikimedia.org/wiki/Special:Redirect/file/Hand%20sanitizer%20bottle.jpg|https://commons.wikimedia.org/wiki/Special:Redirect/file/Hand%20Sanitizer%20%284157728004%29.jpg|https://commons.wikimedia.org/wiki/Special:Redirect/file/Instant%20Hand%20Sanitizer.png,1 bottle,210,200,true,6 bottle case,840,815,true,,,,
Mozzarella Cheese Block 31,Amul,DAIRY-031,DAIRY,"Amul mozzarella cheese block for restaurant kitchens, suitable for bulk prep and back-of-house operations.",kg,1 kg pack,2,112,Ready stock,120,chilled,available,false,false,4.1,41,195,31,"Bulk value,Kitchen essential",https://commons.wikimedia.org/wiki/Special:Redirect/file/Mozzarella%20cheese.jpg,https://commons.wikimedia.org/wiki/Special:Redirect/file/Mozzarella%20cheese.jpg|https://commons.wikimedia.org/wiki/Special:Redirect/file/Mozzarella%20cheese%20%281%29.jpg|https://commons.wikimedia.org/wiki/Special:Redirect/file/Mozzarella.JPG,1 kg pack,213,203,true,5 kg pack,852,827,true,,,,
Pizza Pasta Sauce 32,Veeba,SAUCES-032,SAUCES,"Veeba pizza pasta sauce for restaurant kitchens, suitable for bulk prep and back-of-house operations.",jars,1 jar,3,114,Ready stock,270,ambient,available,false,false,4.2,42,200,32,"Restaurant staple,High repeat",https://commons.wikimedia.org/wiki/Special:Redirect/file/Pasta%20sauce%20%282997489359%29.jpg,https://commons.wikimedia.org/wiki/Special:Redirect/file/Pasta%20sauce%20%282997489359%29.jpg|https://commons.wikimedia.org/wiki/Special:Redirect/file/Pasta%20sauce%20ingredients.jpg|https://commons.wikimedia.org/wiki/Special:Redirect/file/Spaghetti%20and%20Sauce.jpg,1 jar,216,206,true,6 jar case,864,839,true,,,,
Garlic Spread 33,Cremica,SPREAD-033,SPREADS,"Cremica garlic spread for restaurant kitchens, suitable for bulk prep and back-of-house operations.",jars,1 jar,4,116,Dispatch in 24 hrs,120,chilled,available,true,false,4.3,43,205,33,"Bulk value,Kitchen essential",https://commons.wikimedia.org/wiki/Special:Redirect/file/Garlic%20sauce.jpg,https://commons.wikimedia.org/wiki/Special:Redirect/file/Garlic%20sauce.jpg|https://commons.wikimedia.org/wiki/Special:Redirect/file/Ginger%20Garlic%20Paste.jpg|https://commons.wikimedia.org/wiki/Special:Redirect/file/Roasted%20Garlic%20Paste.jpg,1 jar,219,209,true,6 jar case,876,851,true,,,,
Refined Cooking Oil 34,Fortune,OILS-034,OILS,"Fortune refined cooking oil for restaurant kitchens, suitable for bulk prep and back-of-house operations.",cans,1 can,5,118,Ready stock,270,ambient,available,false,false,4.4,44,210,34,"Restaurant staple,High repeat",https://commons.wikimedia.org/wiki/Special:Redirect/file/Cooking%20oil.jpg,https://commons.wikimedia.org/wiki/Special:Redirect/file/Cooking%20oil.jpg|https://commons.wikimedia.org/wiki/Special:Redirect/file/Peanut%20oil%20bottle.jpg|https://commons.wikimedia.org/wiki/Special:Redirect/file/Corn%20oil.jpg,1 can,222,212,true,12 can case,888,863,true,,,,
Corn Flour 35,Weikfield,DRYGOO-035,DRY GOODS,"Weikfield corn flour for restaurant kitchens, suitable for bulk prep and back-of-house operations.",packs,1 pack,1,120,Ready stock,270,dry,available,false,true,4.5,45,215,35,"Bulk value,Kitchen essential",https://commons.wikimedia.org/wiki/Special:Redirect/file/Corn%20Flour.jpg,https://commons.wikimedia.org/wiki/Special:Redirect/file/Corn%20Flour.jpg|https://commons.wikimedia.org/wiki/Special:Redirect/file/Corn%20flour.jpg|https://commons.wikimedia.org/wiki/Special:Redirect/file/Corn%20flour%20%2820240709%29.jpg,1 pack,225,215,true,10 pack carton,900,875,true,,,,
Dry Yeast 36,Angel,BAKERY-036,BAKERY INGREDIENTS,"Angel dry yeast for restaurant kitchens, suitable for bulk prep and back-of-house operations.",packs,1 pack,2,122,Dispatch in 24 hrs,270,dry,available,false,false,4.6,46,220,36,"Restaurant staple,High repeat",https://commons.wikimedia.org/wiki/Special:Redirect/file/Dry%20yeast.jpg,https://commons.wikimedia.org/wiki/Special:Redirect/file/Dry%20yeast.jpg|https://commons.wikimedia.org/wiki/Special:Redirect/file/Dry%20Yeast%20%2850995087326%29.jpg|https://commons.wikimedia.org/wiki/Special:Redirect/file/%D0%94%D1%80%D0%BE%D0%B6%D0%B6%D0%B8%20%D1%81%D1%83%D1%85%D0%B8%D0%B5%20%D0%B0%D0%BA%D1%82%D0%B8%D0%B2%D0%BD%D1%8B%D0%B5%20-%20Active%20dry%20yeast.JPG,1 pack,228,218,true,10 pack carton,912,887,true,,,,
French Fries 37,McCain,FROZEN-037,FROZEN ITEMS,"McCain french fries for restaurant kitchens, suitable for bulk prep and back-of-house operations.",packs,1 pack,3,124,Ready stock,365,frozen,available,false,false,4.7,47,225,37,"Bulk value,Kitchen essential",https://commons.wikimedia.org/wiki/Special:Redirect/file/French%20Fries.jpg,https://commons.wikimedia.org/wiki/Special:Redirect/file/French%20Fries.jpg|https://commons.wikimedia.org/wiki/Special:Redirect/file/Fresh%20french%20fries.jpg|https://commons.wikimedia.org/wiki/Special:Redirect/file/BK-French-Fries.jpg,1 pack,231,221,true,10 pack carton,924,899,true,,,,
Sweet Corn Kernel 38,Del Monte,CANNED-038,CANNED GOODS,"Del Monte sweet corn kernel for restaurant kitchens, suitable for bulk prep and back-of-house operations.",cans,1 can,4,126,Ready stock,270,ambient,available,false,false,4.8,48,230,38,"Restaurant staple,High repeat",https://commons.wikimedia.org/wiki/Special:Redirect/file/Fresh%20Sweet%20Corn.jpg,https://commons.wikimedia.org/wiki/Special:Redirect/file/Fresh%20Sweet%20Corn.jpg|https://commons.wikimedia.org/wiki/Special:Redirect/file/Raw%20Sweet%20Corn.jpg|https://commons.wikimedia.org/wiki/Special:Redirect/file/Sweet%20corn.jpg,1 can,234,224,true,12 can case,936,911,true,,,,
Cold Coffee Premix 39,Continental,BEVERA-039,BEVERAGE BASES,"Continental cold coffee premix for restaurant kitchens, suitable for bulk prep and back-of-house operations.",packs,1 pack,5,128,Dispatch in 24 hrs,270,dry,available,false,false,4.9,49,235,39,"Bulk value,Kitchen essential",https://commons.wikimedia.org/wiki/Special:Redirect/file/Cold%20coffee%20%2882723%29.jpg,https://commons.wikimedia.org/wiki/Special:Redirect/file/Cold%20coffee%20%2882723%29.jpg|https://commons.wikimedia.org/wiki/Special:Redirect/file/Iced%20coffee.jpg|https://commons.wikimedia.org/wiki/Special:Redirect/file/Iced%20Coffee%20%289606187442%29.jpg,1 pack,237,227,true,10 pack carton,948,923,true,,,,
Food Safe Sanitizer 40,Diversey,CLEANI-040,CLEANING SUPPLIES,"Diversey food safe sanitizer for restaurant kitchens, suitable for bulk prep and back-of-house operations.",bottles,1 bottle,1,130,Ready stock,270,ambient,available,false,false,4.0,50,240,40,"Restaurant staple,High repeat",https://commons.wikimedia.org/wiki/Special:Redirect/file/Hand%20sanitizer%20bottle.jpg,https://commons.wikimedia.org/wiki/Special:Redirect/file/Hand%20sanitizer%20bottle.jpg|https://commons.wikimedia.org/wiki/Special:Redirect/file/Hand%20Sanitizer%20%284157728004%29.jpg|https://commons.wikimedia.org/wiki/Special:Redirect/file/Instant%20Hand%20Sanitizer.png,1 bottle,240,230,true,6 bottle case,960,935,true,,,,
Mozzarella Cheese Block 41,Amul,DAIRY-041,DAIRY,"Amul mozzarella cheese block for restaurant kitchens, suitable for bulk prep and back-of-house operations.",kg,1 kg pack,2,132,Ready stock,120,chilled,available,false,false,4.1,51,245,41,"Bulk value,Kitchen essential",https://commons.wikimedia.org/wiki/Special:Redirect/file/Mozzarella%20cheese.jpg,https://commons.wikimedia.org/wiki/Special:Redirect/file/Mozzarella%20cheese.jpg|https://commons.wikimedia.org/wiki/Special:Redirect/file/Mozzarella%20cheese%20%281%29.jpg|https://commons.wikimedia.org/wiki/Special:Redirect/file/Mozzarella.JPG,1 kg pack,243,233,true,5 kg pack,972,947,true,,,,
Pizza Pasta Sauce 42,Veeba,SAUCES-042,SAUCES,"Veeba pizza pasta sauce for restaurant kitchens, suitable for bulk prep and back-of-house operations.",jars,1 jar,3,134,Dispatch in 24 hrs,270,ambient,available,false,true,4.2,52,250,42,"Restaurant staple,High repeat",https://commons.wikimedia.org/wiki/Special:Redirect/file/Pasta%20sauce%20%282997489359%29.jpg,https://commons.wikimedia.org/wiki/Special:Redirect/file/Pasta%20sauce%20%282997489359%29.jpg|https://commons.wikimedia.org/wiki/Special:Redirect/file/Pasta%20sauce%20ingredients.jpg|https://commons.wikimedia.org/wiki/Special:Redirect/file/Spaghetti%20and%20Sauce.jpg,1 jar,246,236,true,6 jar case,984,959,true,,,,
Garlic Spread 43,Cremica,SPREAD-043,SPREADS,"Cremica garlic spread for restaurant kitchens, suitable for bulk prep and back-of-house operations.",jars,1 jar,4,136,Ready stock,120,chilled,available,false,false,4.3,53,255,43,"Bulk value,Kitchen essential",https://commons.wikimedia.org/wiki/Special:Redirect/file/Garlic%20sauce.jpg,https://commons.wikimedia.org/wiki/Special:Redirect/file/Garlic%20sauce.jpg|https://commons.wikimedia.org/wiki/Special:Redirect/file/Ginger%20Garlic%20Paste.jpg|https://commons.wikimedia.org/wiki/Special:Redirect/file/Roasted%20Garlic%20Paste.jpg,1 jar,249,239,true,6 jar case,996,971,true,,,,
Refined Cooking Oil 44,Fortune,OILS-044,OILS,"Fortune refined cooking oil for restaurant kitchens, suitable for bulk prep and back-of-house operations.",cans,1 can,5,138,Ready stock,270,ambient,available,true,false,4.4,54,260,44,"Restaurant staple,High repeat",https://commons.wikimedia.org/wiki/Special:Redirect/file/Cooking%20oil.jpg,https://commons.wikimedia.org/wiki/Special:Redirect/file/Cooking%20oil.jpg|https://commons.wikimedia.org/wiki/Special:Redirect/file/Peanut%20oil%20bottle.jpg|https://commons.wikimedia.org/wiki/Special:Redirect/file/Corn%20oil.jpg,1 can,252,242,true,12 can case,1008,983,true,,,,
Corn Flour 45,Weikfield,DRYGOO-045,DRY GOODS,"Weikfield corn flour for restaurant kitchens, suitable for bulk prep and back-of-house operations.",packs,1 pack,1,140,Dispatch in 24 hrs,270,dry,available,false,false,4.5,55,265,45,"Bulk value,Kitchen essential",https://commons.wikimedia.org/wiki/Special:Redirect/file/Corn%20Flour.jpg,https://commons.wikimedia.org/wiki/Special:Redirect/file/Corn%20Flour.jpg|https://commons.wikimedia.org/wiki/Special:Redirect/file/Corn%20flour.jpg|https://commons.wikimedia.org/wiki/Special:Redirect/file/Corn%20flour%20%2820240709%29.jpg,1 pack,255,245,true,10 pack carton,1020,995,true,,,,
Dry Yeast 46,Angel,BAKERY-046,BAKERY INGREDIENTS,"Angel dry yeast for restaurant kitchens, suitable for bulk prep and back-of-house operations.",packs,1 pack,2,142,Ready stock,270,dry,available,false,false,4.6,56,270,46,"Restaurant staple,High repeat",https://commons.wikimedia.org/wiki/Special:Redirect/file/Dry%20yeast.jpg,https://commons.wikimedia.org/wiki/Special:Redirect/file/Dry%20yeast.jpg|https://commons.wikimedia.org/wiki/Special:Redirect/file/Dry%20Yeast%20%2850995087326%29.jpg|https://commons.wikimedia.org/wiki/Special:Redirect/file/%D0%94%D1%80%D0%BE%D0%B6%D0%B6%D0%B8%20%D1%81%D1%83%D1%85%D0%B8%D0%B5%20%D0%B0%D0%BA%D1%82%D0%B8%D0%B2%D0%BD%D1%8B%D0%B5%20-%20Active%20dry%20yeast.JPG,1 pack,258,248,true,10 pack carton,1032,1007,true,,,,
French Fries 47,McCain,FROZEN-047,FROZEN ITEMS,"McCain french fries for restaurant kitchens, suitable for bulk prep and back-of-house operations.",packs,1 pack,3,144,Ready stock,365,frozen,available,false,false,4.7,57,275,47,"Bulk value,Kitchen essential",https://commons.wikimedia.org/wiki/Special:Redirect/file/French%20Fries.jpg,https://commons.wikimedia.org/wiki/Special:Redirect/file/French%20Fries.jpg|https://commons.wikimedia.org/wiki/Special:Redirect/file/Fresh%20french%20fries.jpg|https://commons.wikimedia.org/wiki/Special:Redirect/file/BK-French-Fries.jpg,1 pack,261,251,true,10 pack carton,1044,1019,true,,,,
Sweet Corn Kernel 48,Del Monte,CANNED-048,CANNED GOODS,"Del Monte sweet corn kernel for restaurant kitchens, suitable for bulk prep and back-of-house operations.",cans,1 can,4,146,Dispatch in 24 hrs,270,ambient,available,false,false,4.8,58,280,48,"Restaurant staple,High repeat",https://commons.wikimedia.org/wiki/Special:Redirect/file/Fresh%20Sweet%20Corn.jpg,https://commons.wikimedia.org/wiki/Special:Redirect/file/Fresh%20Sweet%20Corn.jpg|https://commons.wikimedia.org/wiki/Special:Redirect/file/Raw%20Sweet%20Corn.jpg|https://commons.wikimedia.org/wiki/Special:Redirect/file/Sweet%20corn.jpg,1 can,264,254,true,12 can case,1056,1031,true,,,,
Cold Coffee Premix 49,Continental,BEVERA-049,BEVERAGE BASES,"Continental cold coffee premix for restaurant kitchens, suitable for bulk prep and back-of-house operations.",packs,1 pack,5,148,Ready stock,270,dry,available,false,true,4.9,59,285,49,"Bulk value,Kitchen essential",https://commons.wikimedia.org/wiki/Special:Redirect/file/Cold%20coffee%20%2882723%29.jpg,https://commons.wikimedia.org/wiki/Special:Redirect/file/Cold%20coffee%20%2882723%29.jpg|https://commons.wikimedia.org/wiki/Special:Redirect/file/Iced%20coffee.jpg|https://commons.wikimedia.org/wiki/Special:Redirect/file/Iced%20Coffee%20%289606187442%29.jpg,1 pack,267,257,true,10 pack carton,1068,1043,true,,,,
Food Safe Sanitizer 50,Diversey,CLEANI-050,CLEANING SUPPLIES,"Diversey food safe sanitizer for restaurant kitchens, suitable for bulk prep and back-of-house operations.",bottles,1 bottle,1,150,Ready stock,270,ambient,available,false,false,4.0,60,290,50,"Restaurant staple,High repeat",https://commons.wikimedia.org/wiki/Special:Redirect/file/Hand%20sanitizer%20bottle.jpg,https://commons.wikimedia.org/wiki/Special:Redirect/file/Hand%20sanitizer%20bottle.jpg|https://commons.wikimedia.org/wiki/Special:Redirect/file/Hand%20Sanitizer%20%284157728004%29.jpg|https://commons.wikimedia.org/wiki/Special:Redirect/file/Instant%20Hand%20Sanitizer.png,1 bottle,270,260,true,6 bottle case,1080,1055,true,,,,
Mozzarella Cheese Block 51,Amul,DAIRY-051,DAIRY,"Amul mozzarella cheese block for restaurant kitchens, suitable for bulk prep and back-of-house operations.",kg,1 kg pack,2,152,Dispatch in 24 hrs,120,chilled,available,false,false,4.1,61,295,51,"Bulk value,Kitchen essential",https://commons.wikimedia.org/wiki/Special:Redirect/file/Mozzarella%20cheese.jpg,https://commons.wikimedia.org/wiki/Special:Redirect/file/Mozzarella%20cheese.jpg|https://commons.wikimedia.org/wiki/Special:Redirect/file/Mozzarella%20cheese%20%281%29.jpg|https://commons.wikimedia.org/wiki/Special:Redirect/file/Mozzarella.JPG,1 kg pack,273,263,true,5 kg pack,1092,1067,true,,,,
Pizza Pasta Sauce 52,Veeba,SAUCES-052,SAUCES,"Veeba pizza pasta sauce for restaurant kitchens, suitable for bulk prep and back-of-house operations.",jars,1 jar,3,154,Ready stock,270,ambient,available,false,false,4.2,62,300,52,"Restaurant staple,High repeat",https://commons.wikimedia.org/wiki/Special:Redirect/file/Pasta%20sauce%20%282997489359%29.jpg,https://commons.wikimedia.org/wiki/Special:Redirect/file/Pasta%20sauce%20%282997489359%29.jpg|https://commons.wikimedia.org/wiki/Special:Redirect/file/Pasta%20sauce%20ingredients.jpg|https://commons.wikimedia.org/wiki/Special:Redirect/file/Spaghetti%20and%20Sauce.jpg,1 jar,276,266,true,6 jar case,1104,1079,true,,,,
Garlic Spread 53,Cremica,SPREAD-053,SPREADS,"Cremica garlic spread for restaurant kitchens, suitable for bulk prep and back-of-house operations.",jars,1 jar,4,156,Ready stock,120,chilled,available,false,false,4.3,63,305,53,"Bulk value,Kitchen essential",https://commons.wikimedia.org/wiki/Special:Redirect/file/Garlic%20sauce.jpg,https://commons.wikimedia.org/wiki/Special:Redirect/file/Garlic%20sauce.jpg|https://commons.wikimedia.org/wiki/Special:Redirect/file/Ginger%20Garlic%20Paste.jpg|https://commons.wikimedia.org/wiki/Special:Redirect/file/Roasted%20Garlic%20Paste.jpg,1 jar,279,269,true,6 jar case,1116,1091,true,,,,
Refined Cooking Oil 54,Fortune,OILS-054,OILS,"Fortune refined cooking oil for restaurant kitchens, suitable for bulk prep and back-of-house operations.",cans,1 can,5,158,Dispatch in 24 hrs,270,ambient,available,false,false,4.4,64,310,54,"Restaurant staple,High repeat",https://commons.wikimedia.org/wiki/Special:Redirect/file/Cooking%20oil.jpg,https://commons.wikimedia.org/wiki/Special:Redirect/file/Cooking%20oil.jpg|https://commons.wikimedia.org/wiki/Special:Redirect/file/Peanut%20oil%20bottle.jpg|https://commons.wikimedia.org/wiki/Special:Redirect/file/Corn%20oil.jpg,1 can,282,272,true,12 can case,1128,1103,true,,,,
Corn Flour 55,Weikfield,DRYGOO-055,DRY GOODS,"Weikfield corn flour for restaurant kitchens, suitable for bulk prep and back-of-house operations.",packs,1 pack,1,160,Ready stock,270,dry,available,true,false,4.5,65,315,55,"Bulk value,Kitchen essential",https://commons.wikimedia.org/wiki/Special:Redirect/file/Corn%20Flour.jpg,https://commons.wikimedia.org/wiki/Special:Redirect/file/Corn%20Flour.jpg|https://commons.wikimedia.org/wiki/Special:Redirect/file/Corn%20flour.jpg|https://commons.wikimedia.org/wiki/Special:Redirect/file/Corn%20flour%20%2820240709%29.jpg,1 pack,285,275,true,10 pack carton,1140,1115,true,,,,
Dry Yeast 56,Angel,BAKERY-056,BAKERY INGREDIENTS,"Angel dry yeast for restaurant kitchens, suitable for bulk prep and back-of-house operations.",packs,1 pack,2,162,Ready stock,270,dry,available,false,true,4.6,66,320,56,"Restaurant staple,High repeat",https://commons.wikimedia.org/wiki/Special:Redirect/file/Dry%20yeast.jpg,https://commons.wikimedia.org/wiki/Special:Redirect/file/Dry%20yeast.jpg|https://commons.wikimedia.org/wiki/Special:Redirect/file/Dry%20Yeast%20%2850995087326%29.jpg|https://commons.wikimedia.org/wiki/Special:Redirect/file/%D0%94%D1%80%D0%BE%D0%B6%D0%B6%D0%B8%20%D1%81%D1%83%D1%85%D0%B8%D0%B5%20%D0%B0%D0%BA%D1%82%D0%B8%D0%B2%D0%BD%D1%8B%D0%B5%20-%20Active%20dry%20yeast.JPG,1 pack,288,278,true,10 pack carton,1152,1127,true,,,,
French Fries 57,McCain,FROZEN-057,FROZEN ITEMS,"McCain french fries for restaurant kitchens, suitable for bulk prep and back-of-house operations.",packs,1 pack,3,164,Dispatch in 24 hrs,365,frozen,available,false,false,4.7,67,325,57,"Bulk value,Kitchen essential",https://commons.wikimedia.org/wiki/Special:Redirect/file/French%20Fries.jpg,https://commons.wikimedia.org/wiki/Special:Redirect/file/French%20Fries.jpg|https://commons.wikimedia.org/wiki/Special:Redirect/file/Fresh%20french%20fries.jpg|https://commons.wikimedia.org/wiki/Special:Redirect/file/BK-French-Fries.jpg,1 pack,291,281,true,10 pack carton,1164,1139,true,,,,
Sweet Corn Kernel 58,Del Monte,CANNED-058,CANNED GOODS,"Del Monte sweet corn kernel for restaurant kitchens, suitable for bulk prep and back-of-house operations.",cans,1 can,4,166,Ready stock,270,ambient,available,false,false,4.8,68,330,58,"Restaurant staple,High repeat",https://commons.wikimedia.org/wiki/Special:Redirect/file/Fresh%20Sweet%20Corn.jpg,https://commons.wikimedia.org/wiki/Special:Redirect/file/Fresh%20Sweet%20Corn.jpg|https://commons.wikimedia.org/wiki/Special:Redirect/file/Raw%20Sweet%20Corn.jpg|https://commons.wikimedia.org/wiki/Special:Redirect/file/Sweet%20corn.jpg,1 can,294,284,true,12 can case,1176,1151,true,,,,
Cold Coffee Premix 59,Continental,BEVERA-059,BEVERAGE BASES,"Continental cold coffee premix for restaurant kitchens, suitable for bulk prep and back-of-house operations.",packs,1 pack,5,168,Ready stock,270,dry,available,false,false,4.9,69,335,59,"Bulk value,Kitchen essential",https://commons.wikimedia.org/wiki/Special:Redirect/file/Cold%20coffee%20%2882723%29.jpg,https://commons.wikimedia.org/wiki/Special:Redirect/file/Cold%20coffee%20%2882723%29.jpg|https://commons.wikimedia.org/wiki/Special:Redirect/file/Iced%20coffee.jpg|https://commons.wikimedia.org/wiki/Special:Redirect/file/Iced%20Coffee%20%289606187442%29.jpg,1 pack,297,287,true,10 pack carton,1188,1163,true,,,,
Food Safe Sanitizer 60,Diversey,CLEANI-060,CLEANING SUPPLIES,"Diversey food safe sanitizer for restaurant kitchens, suitable for bulk prep and back-of-house operations.",bottles,1 bottle,1,170,Dispatch in 24 hrs,270,ambient,available,false,false,4.0,70,340,60,"Restaurant staple,High repeat",https://commons.wikimedia.org/wiki/Special:Redirect/file/Hand%20sanitizer%20bottle.jpg,https://commons.wikimedia.org/wiki/Special:Redirect/file/Hand%20sanitizer%20bottle.jpg|https://commons.wikimedia.org/wiki/Special:Redirect/file/Hand%20Sanitizer%20%284157728004%29.jpg|https://commons.wikimedia.org/wiki/Special:Redirect/file/Instant%20Hand%20Sanitizer.png,1 bottle,300,290,true,6 bottle case,1200,1175,true,,,,
Mozzarella Cheese Block 61,Amul,DAIRY-061,DAIRY,"Amul mozzarella cheese block for restaurant kitchens, suitable for bulk prep and back-of-house operations.",kg,1 kg pack,2,172,Ready stock,120,chilled,available,false,false,4.1,71,345,61,"Bulk value,Kitchen essential",https://commons.wikimedia.org/wiki/Special:Redirect/file/Mozzarella%20cheese.jpg,https://commons.wikimedia.org/wiki/Special:Redirect/file/Mozzarella%20cheese.jpg|https://commons.wikimedia.org/wiki/Special:Redirect/file/Mozzarella%20cheese%20%281%29.jpg|https://commons.wikimedia.org/wiki/Special:Redirect/file/Mozzarella.JPG,1 kg pack,303,293,true,5 kg pack,1212,1187,true,,,,
Pizza Pasta Sauce 62,Veeba,SAUCES-062,SAUCES,"Veeba pizza pasta sauce for restaurant kitchens, suitable for bulk prep and back-of-house operations.",jars,1 jar,3,174,Ready stock,270,ambient,available,false,false,4.2,72,350,62,"Restaurant staple,High repeat",https://commons.wikimedia.org/wiki/Special:Redirect/file/Pasta%20sauce%20%282997489359%29.jpg,https://commons.wikimedia.org/wiki/Special:Redirect/file/Pasta%20sauce%20%282997489359%29.jpg|https://commons.wikimedia.org/wiki/Special:Redirect/file/Pasta%20sauce%20ingredients.jpg|https://commons.wikimedia.org/wiki/Special:Redirect/file/Spaghetti%20and%20Sauce.jpg,1 jar,306,296,true,6 jar case,1224,1199,true,,,,
Garlic Spread 63,Cremica,SPREAD-063,SPREADS,"Cremica garlic spread for restaurant kitchens, suitable for bulk prep and back-of-house operations.",jars,1 jar,4,176,Dispatch in 24 hrs,120,chilled,available,false,true,4.3,73,355,63,"Bulk value,Kitchen essential",https://commons.wikimedia.org/wiki/Special:Redirect/file/Garlic%20sauce.jpg,https://commons.wikimedia.org/wiki/Special:Redirect/file/Garlic%20sauce.jpg|https://commons.wikimedia.org/wiki/Special:Redirect/file/Ginger%20Garlic%20Paste.jpg|https://commons.wikimedia.org/wiki/Special:Redirect/file/Roasted%20Garlic%20Paste.jpg,1 jar,309,299,true,6 jar case,1236,1211,true,,,,
Refined Cooking Oil 64,Fortune,OILS-064,OILS,"Fortune refined cooking oil for restaurant kitchens, suitable for bulk prep and back-of-house operations.",cans,1 can,5,178,Ready stock,270,ambient,available,false,false,4.4,74,360,64,"Restaurant staple,High repeat",https://commons.wikimedia.org/wiki/Special:Redirect/file/Cooking%20oil.jpg,https://commons.wikimedia.org/wiki/Special:Redirect/file/Cooking%20oil.jpg|https://commons.wikimedia.org/wiki/Special:Redirect/file/Peanut%20oil%20bottle.jpg|https://commons.wikimedia.org/wiki/Special:Redirect/file/Corn%20oil.jpg,1 can,312,302,true,12 can case,1248,1223,true,,,,
Corn Flour 65,Weikfield,DRYGOO-065,DRY GOODS,"Weikfield corn flour for restaurant kitchens, suitable for bulk prep and back-of-house operations.",packs,1 pack,1,180,Ready stock,270,dry,available,false,false,4.5,75,365,65,"Bulk value,Kitchen essential",https://commons.wikimedia.org/wiki/Special:Redirect/file/Corn%20Flour.jpg,https://commons.wikimedia.org/wiki/Special:Redirect/file/Corn%20Flour.jpg|https://commons.wikimedia.org/wiki/Special:Redirect/file/Corn%20flour.jpg|https://commons.wikimedia.org/wiki/Special:Redirect/file/Corn%20flour%20%2820240709%29.jpg,1 pack,315,305,true,10 pack carton,1260,1235,true,,,,
Dry Yeast 66,Angel,BAKERY-066,BAKERY INGREDIENTS,"Angel dry yeast for restaurant kitchens, suitable for bulk prep and back-of-house operations.",packs,1 pack,2,182,Dispatch in 24 hrs,270,dry,available,true,false,4.6,76,370,66,"Restaurant staple,High repeat",https://commons.wikimedia.org/wiki/Special:Redirect/file/Dry%20yeast.jpg,https://commons.wikimedia.org/wiki/Special:Redirect/file/Dry%20yeast.jpg|https://commons.wikimedia.org/wiki/Special:Redirect/file/Dry%20Yeast%20%2850995087326%29.jpg|https://commons.wikimedia.org/wiki/Special:Redirect/file/%D0%94%D1%80%D0%BE%D0%B6%D0%B6%D0%B8%20%D1%81%D1%83%D1%85%D0%B8%D0%B5%20%D0%B0%D0%BA%D1%82%D0%B8%D0%B2%D0%BD%D1%8B%D0%B5%20-%20Active%20dry%20yeast.JPG,1 pack,318,308,true,10 pack carton,1272,1247,true,,,,
French Fries 67,McCain,FROZEN-067,FROZEN ITEMS,"McCain french fries for restaurant kitchens, suitable for bulk prep and back-of-house operations.",packs,1 pack,3,184,Ready stock,365,frozen,available,false,false,4.7,77,375,67,"Bulk value,Kitchen essential",https://commons.wikimedia.org/wiki/Special:Redirect/file/French%20Fries.jpg,https://commons.wikimedia.org/wiki/Special:Redirect/file/French%20Fries.jpg|https://commons.wikimedia.org/wiki/Special:Redirect/file/Fresh%20french%20fries.jpg|https://commons.wikimedia.org/wiki/Special:Redirect/file/BK-French-Fries.jpg,1 pack,321,311,true,10 pack carton,1284,1259,true,,,,
Sweet Corn Kernel 68,Del Monte,CANNED-068,CANNED GOODS,"Del Monte sweet corn kernel for restaurant kitchens, suitable for bulk prep and back-of-house operations.",cans,1 can,4,186,Ready stock,270,ambient,available,false,false,4.8,78,380,68,"Restaurant staple,High repeat",https://commons.wikimedia.org/wiki/Special:Redirect/file/Fresh%20Sweet%20Corn.jpg,https://commons.wikimedia.org/wiki/Special:Redirect/file/Fresh%20Sweet%20Corn.jpg|https://commons.wikimedia.org/wiki/Special:Redirect/file/Raw%20Sweet%20Corn.jpg|https://commons.wikimedia.org/wiki/Special:Redirect/file/Sweet%20corn.jpg,1 can,324,314,true,12 can case,1296,1271,true,,,,
Cold Coffee Premix 69,Continental,BEVERA-069,BEVERAGE BASES,"Continental cold coffee premix for restaurant kitchens, suitable for bulk prep and back-of-house operations.",packs,1 pack,5,188,Dispatch in 24 hrs,270,dry,available,false,false,4.9,79,385,69,"Bulk value,Kitchen essential",https://commons.wikimedia.org/wiki/Special:Redirect/file/Cold%20coffee%20%2882723%29.jpg,https://commons.wikimedia.org/wiki/Special:Redirect/file/Cold%20coffee%20%2882723%29.jpg|https://commons.wikimedia.org/wiki/Special:Redirect/file/Iced%20coffee.jpg|https://commons.wikimedia.org/wiki/Special:Redirect/file/Iced%20Coffee%20%289606187442%29.jpg,1 pack,327,317,true,10 pack carton,1308,1283,true,,,,
Food Safe Sanitizer 70,Diversey,CLEANI-070,CLEANING SUPPLIES,"Diversey food safe sanitizer for restaurant kitchens, suitable for bulk prep and back-of-house operations.",bottles,1 bottle,1,190,Ready stock,270,ambient,available,false,true,4.0,80,390,70,"Restaurant staple,High repeat",https://commons.wikimedia.org/wiki/Special:Redirect/file/Hand%20sanitizer%20bottle.jpg,https://commons.wikimedia.org/wiki/Special:Redirect/file/Hand%20sanitizer%20bottle.jpg|https://commons.wikimedia.org/wiki/Special:Redirect/file/Hand%20Sanitizer%20%284157728004%29.jpg|https://commons.wikimedia.org/wiki/Special:Redirect/file/Instant%20Hand%20Sanitizer.png,1 bottle,330,320,true,6 bottle case,1320,1295,true,,,,
Mozzarella Cheese Block 71,Amul,DAIRY-071,DAIRY,"Amul mozzarella cheese block for restaurant kitchens, suitable for bulk prep and back-of-house operations.",kg,1 kg pack,2,192,Ready stock,120,chilled,available,false,false,4.1,81,395,71,"Bulk value,Kitchen essential",https://commons.wikimedia.org/wiki/Special:Redirect/file/Mozzarella%20cheese.jpg,https://commons.wikimedia.org/wiki/Special:Redirect/file/Mozzarella%20cheese.jpg|https://commons.wikimedia.org/wiki/Special:Redirect/file/Mozzarella%20cheese%20%281%29.jpg|https://commons.wikimedia.org/wiki/Special:Redirect/file/Mozzarella.JPG,1 kg pack,333,323,true,5 kg pack,1332,1307,true,,,,
Pizza Pasta Sauce 72,Veeba,SAUCES-072,SAUCES,"Veeba pizza pasta sauce for restaurant kitchens, suitable for bulk prep and back-of-house operations.",jars,1 jar,3,194,Dispatch in 24 hrs,270,ambient,available,false,false,4.2,82,400,72,"Restaurant staple,High repeat",https://commons.wikimedia.org/wiki/Special:Redirect/file/Pasta%20sauce%20%282997489359%29.jpg,https://commons.wikimedia.org/wiki/Special:Redirect/file/Pasta%20sauce%20%282997489359%29.jpg|https://commons.wikimedia.org/wiki/Special:Redirect/file/Pasta%20sauce%20ingredients.jpg|https://commons.wikimedia.org/wiki/Special:Redirect/file/Spaghetti%20and%20Sauce.jpg,1 jar,336,326,true,6 jar case,1344,1319,true,,,,
Garlic Spread 73,Cremica,SPREAD-073,SPREADS,"Cremica garlic spread for restaurant kitchens, suitable for bulk prep and back-of-house operations.",jars,1 jar,4,196,Ready stock,120,chilled,available,false,false,4.3,83,405,73,"Bulk value,Kitchen essential",https://commons.wikimedia.org/wiki/Special:Redirect/file/Garlic%20sauce.jpg,https://commons.wikimedia.org/wiki/Special:Redirect/file/Garlic%20sauce.jpg|https://commons.wikimedia.org/wiki/Special:Redirect/file/Ginger%20Garlic%20Paste.jpg|https://commons.wikimedia.org/wiki/Special:Redirect/file/Roasted%20Garlic%20Paste.jpg,1 jar,339,329,true,6 jar case,1356,1331,true,,,,
Refined Cooking Oil 74,Fortune,OILS-074,OILS,"Fortune refined cooking oil for restaurant kitchens, suitable for bulk prep and back-of-house operations.",cans,1 can,5,198,Ready stock,270,ambient,available,false,false,4.4,84,410,74,"Restaurant staple,High repeat",https://commons.wikimedia.org/wiki/Special:Redirect/file/Cooking%20oil.jpg,https://commons.wikimedia.org/wiki/Special:Redirect/file/Cooking%20oil.jpg|https://commons.wikimedia.org/wiki/Special:Redirect/file/Peanut%20oil%20bottle.jpg|https://commons.wikimedia.org/wiki/Special:Redirect/file/Corn%20oil.jpg,1 can,342,332,true,12 can case,1368,1343,true,,,,
Corn Flour 75,Weikfield,DRYGOO-075,DRY GOODS,"Weikfield corn flour for restaurant kitchens, suitable for bulk prep and back-of-house operations.",packs,1 pack,1,200,Dispatch in 24 hrs,270,dry,available,false,false,4.5,85,415,75,"Bulk value,Kitchen essential",https://commons.wikimedia.org/wiki/Special:Redirect/file/Corn%20Flour.jpg,https://commons.wikimedia.org/wiki/Special:Redirect/file/Corn%20Flour.jpg|https://commons.wikimedia.org/wiki/Special:Redirect/file/Corn%20flour.jpg|https://commons.wikimedia.org/wiki/Special:Redirect/file/Corn%20flour%20%2820240709%29.jpg,1 pack,345,335,true,10 pack carton,1380,1355,true,,,,
Dry Yeast 76,Angel,BAKERY-076,BAKERY INGREDIENTS,"Angel dry yeast for restaurant kitchens, suitable for bulk prep and back-of-house operations.",packs,1 pack,2,202,Ready stock,270,dry,available,false,false,4.6,86,420,76,"Restaurant staple,High repeat",https://commons.wikimedia.org/wiki/Special:Redirect/file/Dry%20yeast.jpg,https://commons.wikimedia.org/wiki/Special:Redirect/file/Dry%20yeast.jpg|https://commons.wikimedia.org/wiki/Special:Redirect/file/Dry%20Yeast%20%2850995087326%29.jpg|https://commons.wikimedia.org/wiki/Special:Redirect/file/%D0%94%D1%80%D0%BE%D0%B6%D0%B6%D0%B8%20%D1%81%D1%83%D1%85%D0%B8%D0%B5%20%D0%B0%D0%BA%D1%82%D0%B8%D0%B2%D0%BD%D1%8B%D0%B5%20-%20Active%20dry%20yeast.JPG,1 pack,348,338,true,10 pack carton,1392,1367,true,,,,
French Fries 77,McCain,FROZEN-077,FROZEN ITEMS,"McCain french fries for restaurant kitchens, suitable for bulk prep and back-of-house operations.",packs,1 pack,3,204,Ready stock,365,frozen,available,true,true,4.7,87,425,77,"Bulk value,Kitchen essential",https://commons.wikimedia.org/wiki/Special:Redirect/file/French%20Fries.jpg,https://commons.wikimedia.org/wiki/Special:Redirect/file/French%20Fries.jpg|https://commons.wikimedia.org/wiki/Special:Redirect/file/Fresh%20french%20fries.jpg|https://commons.wikimedia.org/wiki/Special:Redirect/file/BK-French-Fries.jpg,1 pack,351,341,true,10 pack carton,1404,1379,true,,,,
Sweet Corn Kernel 78,Del Monte,CANNED-078,CANNED GOODS,"Del Monte sweet corn kernel for restaurant kitchens, suitable for bulk prep and back-of-house operations.",cans,1 can,4,206,Dispatch in 24 hrs,270,ambient,available,false,false,4.8,88,430,78,"Restaurant staple,High repeat",https://commons.wikimedia.org/wiki/Special:Redirect/file/Fresh%20Sweet%20Corn.jpg,https://commons.wikimedia.org/wiki/Special:Redirect/file/Fresh%20Sweet%20Corn.jpg|https://commons.wikimedia.org/wiki/Special:Redirect/file/Raw%20Sweet%20Corn.jpg|https://commons.wikimedia.org/wiki/Special:Redirect/file/Sweet%20corn.jpg,1 can,354,344,true,12 can case,1416,1391,true,,,,
Cold Coffee Premix 79,Continental,BEVERA-079,BEVERAGE BASES,"Continental cold coffee premix for restaurant kitchens, suitable for bulk prep and back-of-house operations.",packs,1 pack,5,208,Ready stock,270,dry,available,false,false,4.9,89,435,79,"Bulk value,Kitchen essential",https://commons.wikimedia.org/wiki/Special:Redirect/file/Cold%20coffee%20%2882723%29.jpg,https://commons.wikimedia.org/wiki/Special:Redirect/file/Cold%20coffee%20%2882723%29.jpg|https://commons.wikimedia.org/wiki/Special:Redirect/file/Iced%20coffee.jpg|https://commons.wikimedia.org/wiki/Special:Redirect/file/Iced%20Coffee%20%289606187442%29.jpg,1 pack,357,347,true,10 pack carton,1428,1403,true,,,,
Food Safe Sanitizer 80,Diversey,CLEANI-080,CLEANING SUPPLIES,"Diversey food safe sanitizer for restaurant kitchens, suitable for bulk prep and back-of-house operations.",bottles,1 bottle,1,210,Ready stock,270,ambient,available,false,false,4.0,90,440,80,"Restaurant staple,High repeat",https://commons.wikimedia.org/wiki/Special:Redirect/file/Hand%20sanitizer%20bottle.jpg,https://commons.wikimedia.org/wiki/Special:Redirect/file/Hand%20sanitizer%20bottle.jpg|https://commons.wikimedia.org/wiki/Special:Redirect/file/Hand%20Sanitizer%20%284157728004%29.jpg|https://commons.wikimedia.org/wiki/Special:Redirect/file/Instant%20Hand%20Sanitizer.png,1 bottle,360,350,true,6 bottle case,1440,1415,true,,,,
Mozzarella Cheese Block 81,Amul,DAIRY-081,DAIRY,"Amul mozzarella cheese block for restaurant kitchens, suitable for bulk prep and back-of-house operations.",kg,1 kg pack,2,212,Dispatch in 24 hrs,120,chilled,available,false,false,4.1,91,445,81,"Bulk value,Kitchen essential",https://commons.wikimedia.org/wiki/Special:Redirect/file/Mozzarella%20cheese.jpg,https://commons.wikimedia.org/wiki/Special:Redirect/file/Mozzarella%20cheese.jpg|https://commons.wikimedia.org/wiki/Special:Redirect/file/Mozzarella%20cheese%20%281%29.jpg|https://commons.wikimedia.org/wiki/Special:Redirect/file/Mozzarella.JPG,1 kg pack,363,353,true,5 kg pack,1452,1427,true,,,,
Pizza Pasta Sauce 82,Veeba,SAUCES-082,SAUCES,"Veeba pizza pasta sauce for restaurant kitchens, suitable for bulk prep and back-of-house operations.",jars,1 jar,3,214,Ready stock,270,ambient,available,false,false,4.2,92,450,82,"Restaurant staple,High repeat",https://commons.wikimedia.org/wiki/Special:Redirect/file/Pasta%20sauce%20%282997489359%29.jpg,https://commons.wikimedia.org/wiki/Special:Redirect/file/Pasta%20sauce%20%282997489359%29.jpg|https://commons.wikimedia.org/wiki/Special:Redirect/file/Pasta%20sauce%20ingredients.jpg|https://commons.wikimedia.org/wiki/Special:Redirect/file/Spaghetti%20and%20Sauce.jpg,1 jar,366,356,true,6 jar case,1464,1439,true,,,,
Garlic Spread 83,Cremica,SPREAD-083,SPREADS,"Cremica garlic spread for restaurant kitchens, suitable for bulk prep and back-of-house operations.",jars,1 jar,4,216,Ready stock,120,chilled,available,false,false,4.3,93,455,83,"Bulk value,Kitchen essential",https://commons.wikimedia.org/wiki/Special:Redirect/file/Garlic%20sauce.jpg,https://commons.wikimedia.org/wiki/Special:Redirect/file/Garlic%20sauce.jpg|https://commons.wikimedia.org/wiki/Special:Redirect/file/Ginger%20Garlic%20Paste.jpg|https://commons.wikimedia.org/wiki/Special:Redirect/file/Roasted%20Garlic%20Paste.jpg,1 jar,369,359,true,6 jar case,1476,1451,true,,,,
Refined Cooking Oil 84,Fortune,OILS-084,OILS,"Fortune refined cooking oil for restaurant kitchens, suitable for bulk prep and back-of-house operations.",cans,1 can,5,218,Dispatch in 24 hrs,270,ambient,available,false,true,4.4,94,460,84,"Restaurant staple,High repeat",https://commons.wikimedia.org/wiki/Special:Redirect/file/Cooking%20oil.jpg,https://commons.wikimedia.org/wiki/Special:Redirect/file/Cooking%20oil.jpg|https://commons.wikimedia.org/wiki/Special:Redirect/file/Peanut%20oil%20bottle.jpg|https://commons.wikimedia.org/wiki/Special:Redirect/file/Corn%20oil.jpg,1 can,372,362,true,12 can case,1488,1463,true,,,,
Corn Flour 85,Weikfield,DRYGOO-085,DRY GOODS,"Weikfield corn flour for restaurant kitchens, suitable for bulk prep and back-of-house operations.",packs,1 pack,1,220,Ready stock,270,dry,available,false,false,4.5,95,465,85,"Bulk value,Kitchen essential",https://commons.wikimedia.org/wiki/Special:Redirect/file/Corn%20Flour.jpg,https://commons.wikimedia.org/wiki/Special:Redirect/file/Corn%20Flour.jpg|https://commons.wikimedia.org/wiki/Special:Redirect/file/Corn%20flour.jpg|https://commons.wikimedia.org/wiki/Special:Redirect/file/Corn%20flour%20%2820240709%29.jpg,1 pack,375,365,true,10 pack carton,1500,1475,true,,,,
Dry Yeast 86,Angel,BAKERY-086,BAKERY INGREDIENTS,"Angel dry yeast for restaurant kitchens, suitable for bulk prep and back-of-house operations.",packs,1 pack,2,222,Ready stock,270,dry,available,false,false,4.6,96,470,86,"Restaurant staple,High repeat",https://commons.wikimedia.org/wiki/Special:Redirect/file/Dry%20yeast.jpg,https://commons.wikimedia.org/wiki/Special:Redirect/file/Dry%20yeast.jpg|https://commons.wikimedia.org/wiki/Special:Redirect/file/Dry%20Yeast%20%2850995087326%29.jpg|https://commons.wikimedia.org/wiki/Special:Redirect/file/%D0%94%D1%80%D0%BE%D0%B6%D0%B6%D0%B8%20%D1%81%D1%83%D1%85%D0%B8%D0%B5%20%D0%B0%D0%BA%D1%82%D0%B8%D0%B2%D0%BD%D1%8B%D0%B5%20-%20Active%20dry%20yeast.JPG,1 pack,378,368,true,10 pack carton,1512,1487,true,,,,
French Fries 87,McCain,FROZEN-087,FROZEN ITEMS,"McCain french fries for restaurant kitchens, suitable for bulk prep and back-of-house operations.",packs,1 pack,3,224,Dispatch in 24 hrs,365,frozen,available,false,false,4.7,97,475,87,"Bulk value,Kitchen essential",https://commons.wikimedia.org/wiki/Special:Redirect/file/French%20Fries.jpg,https://commons.wikimedia.org/wiki/Special:Redirect/file/French%20Fries.jpg|https://commons.wikimedia.org/wiki/Special:Redirect/file/Fresh%20french%20fries.jpg|https://commons.wikimedia.org/wiki/Special:Redirect/file/BK-French-Fries.jpg,1 pack,381,371,true,10 pack carton,1524,1499,true,,,,
Sweet Corn Kernel 88,Del Monte,CANNED-088,CANNED GOODS,"Del Monte sweet corn kernel for restaurant kitchens, suitable for bulk prep and back-of-house operations.",cans,1 can,4,226,Ready stock,270,ambient,available,true,false,4.8,98,480,88,"Restaurant staple,High repeat",https://commons.wikimedia.org/wiki/Special:Redirect/file/Fresh%20Sweet%20Corn.jpg,https://commons.wikimedia.org/wiki/Special:Redirect/file/Fresh%20Sweet%20Corn.jpg|https://commons.wikimedia.org/wiki/Special:Redirect/file/Raw%20Sweet%20Corn.jpg|https://commons.wikimedia.org/wiki/Special:Redirect/file/Sweet%20corn.jpg,1 can,384,374,true,12 can case,1536,1511,true,,,,
Cold Coffee Premix 89,Continental,BEVERA-089,BEVERAGE BASES,"Continental cold coffee premix for restaurant kitchens, suitable for bulk prep and back-of-house operations.",packs,1 pack,5,228,Ready stock,270,dry,available,false,false,4.9,99,485,89,"Bulk value,Kitchen essential",https://commons.wikimedia.org/wiki/Special:Redirect/file/Cold%20coffee%20%2882723%29.jpg,https://commons.wikimedia.org/wiki/Special:Redirect/file/Cold%20coffee%20%2882723%29.jpg|https://commons.wikimedia.org/wiki/Special:Redirect/file/Iced%20coffee.jpg|https://commons.wikimedia.org/wiki/Special:Redirect/file/Iced%20Coffee%20%289606187442%29.jpg,1 pack,387,377,true,10 pack carton,1548,1523,true,,,,
Food Safe Sanitizer 90,Diversey,CLEANI-090,CLEANING SUPPLIES,"Diversey food safe sanitizer for restaurant kitchens, suitable for bulk prep and back-of-house operations.",bottles,1 bottle,1,230,Dispatch in 24 hrs,270,ambient,available,false,false,4.0,100,490,90,"Restaurant staple,High repeat",https://commons.wikimedia.org/wiki/Special:Redirect/file/Hand%20sanitizer%20bottle.jpg,https://commons.wikimedia.org/wiki/Special:Redirect/file/Hand%20sanitizer%20bottle.jpg|https://commons.wikimedia.org/wiki/Special:Redirect/file/Hand%20Sanitizer%20%284157728004%29.jpg|https://commons.wikimedia.org/wiki/Special:Redirect/file/Instant%20Hand%20Sanitizer.png,1 bottle,390,380,true,6 bottle case,1560,1535,true,,,,
Mozzarella Cheese Block 91,Amul,DAIRY-091,DAIRY,"Amul mozzarella cheese block for restaurant kitchens, suitable for bulk prep and back-of-house operations.",kg,1 kg pack,2,232,Ready stock,120,chilled,available,false,true,4.1,101,495,91,"Bulk value,Kitchen essential",https://commons.wikimedia.org/wiki/Special:Redirect/file/Mozzarella%20cheese.jpg,https://commons.wikimedia.org/wiki/Special:Redirect/file/Mozzarella%20cheese.jpg|https://commons.wikimedia.org/wiki/Special:Redirect/file/Mozzarella%20cheese%20%281%29.jpg|https://commons.wikimedia.org/wiki/Special:Redirect/file/Mozzarella.JPG,1 kg pack,393,383,true,5 kg pack,1572,1547,true,,,,
Pizza Pasta Sauce 92,Veeba,SAUCES-092,SAUCES,"Veeba pizza pasta sauce for restaurant kitchens, suitable for bulk prep and back-of-house operations.",jars,1 jar,3,234,Ready stock,270,ambient,available,false,false,4.2,102,500,92,"Restaurant staple,High repeat",https://commons.wikimedia.org/wiki/Special:Redirect/file/Pasta%20sauce%20%282997489359%29.jpg,https://commons.wikimedia.org/wiki/Special:Redirect/file/Pasta%20sauce%20%282997489359%29.jpg|https://commons.wikimedia.org/wiki/Special:Redirect/file/Pasta%20sauce%20ingredients.jpg|https://commons.wikimedia.org/wiki/Special:Redirect/file/Spaghetti%20and%20Sauce.jpg,1 jar,396,386,true,6 jar case,1584,1559,true,,,,
Garlic Spread 93,Cremica,SPREAD-093,SPREADS,"Cremica garlic spread for restaurant kitchens, suitable for bulk prep and back-of-house operations.",jars,1 jar,4,236,Dispatch in 24 hrs,120,chilled,available,false,false,4.3,103,505,93,"Bulk value,Kitchen essential",https://commons.wikimedia.org/wiki/Special:Redirect/file/Garlic%20sauce.jpg,https://commons.wikimedia.org/wiki/Special:Redirect/file/Garlic%20sauce.jpg|https://commons.wikimedia.org/wiki/Special:Redirect/file/Ginger%20Garlic%20Paste.jpg|https://commons.wikimedia.org/wiki/Special:Redirect/file/Roasted%20Garlic%20Paste.jpg,1 jar,399,389,true,6 jar case,1596,1571,true,,,,
Refined Cooking Oil 94,Fortune,OILS-094,OILS,"Fortune refined cooking oil for restaurant kitchens, suitable for bulk prep and back-of-house operations.",cans,1 can,5,238,Ready stock,270,ambient,available,false,false,4.4,104,510,94,"Restaurant staple,High repeat",https://commons.wikimedia.org/wiki/Special:Redirect/file/Cooking%20oil.jpg,https://commons.wikimedia.org/wiki/Special:Redirect/file/Cooking%20oil.jpg|https://commons.wikimedia.org/wiki/Special:Redirect/file/Peanut%20oil%20bottle.jpg|https://commons.wikimedia.org/wiki/Special:Redirect/file/Corn%20oil.jpg,1 can,402,392,true,12 can case,1608,1583,true,,,,
Corn Flour 95,Weikfield,DRYGOO-095,DRY GOODS,"Weikfield corn flour for restaurant kitchens, suitable for bulk prep and back-of-house operations.",packs,1 pack,1,240,Ready stock,270,dry,available,false,false,4.5,105,515,95,"Bulk value,Kitchen essential",https://commons.wikimedia.org/wiki/Special:Redirect/file/Corn%20Flour.jpg,https://commons.wikimedia.org/wiki/Special:Redirect/file/Corn%20Flour.jpg|https://commons.wikimedia.org/wiki/Special:Redirect/file/Corn%20flour.jpg|https://commons.wikimedia.org/wiki/Special:Redirect/file/Corn%20flour%20%2820240709%29.jpg,1 pack,405,395,true,10 pack carton,1620,1595,true,,,,
Dry Yeast 96,Angel,BAKERY-096,BAKERY INGREDIENTS,"Angel dry yeast for restaurant kitchens, suitable for bulk prep and back-of-house operations.",packs,1 pack,2,242,Dispatch in 24 hrs,270,dry,available,false,false,4.6,106,520,96,"Restaurant staple,High repeat",https://commons.wikimedia.org/wiki/Special:Redirect/file/Dry%20yeast.jpg,https://commons.wikimedia.org/wiki/Special:Redirect/file/Dry%20yeast.jpg|https://commons.wikimedia.org/wiki/Special:Redirect/file/Dry%20Yeast%20%2850995087326%29.jpg|https://commons.wikimedia.org/wiki/Special:Redirect/file/%D0%94%D1%80%D0%BE%D0%B6%D0%B6%D0%B8%20%D1%81%D1%83%D1%85%D0%B8%D0%B5%20%D0%B0%D0%BA%D1%82%D0%B8%D0%B2%D0%BD%D1%8B%D0%B5%20-%20Active%20dry%20yeast.JPG,1 pack,408,398,true,10 pack carton,1632,1607,true,,,,
French Fries 97,McCain,FROZEN-097,FROZEN ITEMS,"McCain french fries for restaurant kitchens, suitable for bulk prep and back-of-house operations.",packs,1 pack,3,244,Ready stock,365,frozen,available,false,false,4.7,107,525,97,"Bulk value,Kitchen essential",https://commons.wikimedia.org/wiki/Special:Redirect/file/French%20Fries.jpg,https://commons.wikimedia.org/wiki/Special:Redirect/file/French%20Fries.jpg|https://commons.wikimedia.org/wiki/Special:Redirect/file/Fresh%20french%20fries.jpg|https://commons.wikimedia.org/wiki/Special:Redirect/file/BK-French-Fries.jpg,1 pack,411,401,true,10 pack carton,1644,1619,true,,,,
Sweet Corn Kernel 98,Del Monte,CANNED-098,CANNED GOODS,"Del Monte sweet corn kernel for restaurant kitchens, suitable for bulk prep and back-of-house operations.",cans,1 can,4,246,Ready stock,270,ambient,available,false,true,4.8,108,530,98,"Restaurant staple,High repeat",https://commons.wikimedia.org/wiki/Special:Redirect/file/Fresh%20Sweet%20Corn.jpg,https://commons.wikimedia.org/wiki/Special:Redirect/file/Fresh%20Sweet%20Corn.jpg|https://commons.wikimedia.org/wiki/Special:Redirect/file/Raw%20Sweet%20Corn.jpg|https://commons.wikimedia.org/wiki/Special:Redirect/file/Sweet%20corn.jpg,1 can,414,404,true,12 can case,1656,1631,true,,,,
Cold Coffee Premix 99,Continental,BEVERA-099,BEVERAGE BASES,"Continental cold coffee premix for restaurant kitchens, suitable for bulk prep and back-of-house operations.",packs,1 pack,5,248,Dispatch in 24 hrs,270,dry,available,true,false,4.9,109,535,99,"Bulk value,Kitchen essential",https://commons.wikimedia.org/wiki/Special:Redirect/file/Cold%20coffee%20%2882723%29.jpg,https://commons.wikimedia.org/wiki/Special:Redirect/file/Cold%20coffee%20%2882723%29.jpg|https://commons.wikimedia.org/wiki/Special:Redirect/file/Iced%20coffee.jpg|https://commons.wikimedia.org/wiki/Special:Redirect/file/Iced%20Coffee%20%289606187442%29.jpg,1 pack,417,407,true,10 pack carton,1668,1643,true,,,,
Food Safe Sanitizer 100,Diversey,CLEANI-100,CLEANING SUPPLIES,"Diversey food safe sanitizer for restaurant kitchens, suitable for bulk prep and back-of-house operations.",bottles,1 bottle,1,250,Ready stock,270,ambient,available,false,false,4.0,110,540,100,"Restaurant staple,High repeat",https://commons.wikimedia.org/wiki/Special:Redirect/file/Hand%20sanitizer%20bottle.jpg,https://commons.wikimedia.org/wiki/Special:Redirect/file/Hand%20sanitizer%20bottle.jpg|https://commons.wikimedia.org/wiki/Special:Redirect/file/Hand%20Sanitizer%20%284157728004%29.jpg|https://commons.wikimedia.org/wiki/Special:Redirect/file/Instant%20Hand%20Sanitizer.png,1 bottle,420,410,true,6 bottle case,1680,1655,true,,,,
